iter	Logloss
0	0.6888964844
1	0.6847861328
2	0.6807976074
3	0.6768521729
4	0.6730076904
5	0.669244873
6	0.6655725708
7	0.6620043945
8	0.6583725586
9	0.6550144043
